RoomID,BackGround
2001,bg_S1.jpg
2002,bg_S2.jpg
2003,bg_S3.jpg
2004,bg_S4.jpg
2005,bg_S5.jpg
2006,bg_S1.jpg
2007,bg_S2.jpg
2008,bg_S3.jpg
2009,bg_S4.jpg
2010,bg_S5.jpg
2011,bg_S1.jpg
2012,bg_S2.jpg
2013,bg_S3.jpg
2014,bg_S4.jpg
2015,bg_S5.jpg
2016,bg_S1.jpg
2017,bg_S2.jpg
2018,bg_S3.jpg
2019,bg_S4.jpg
2020,bg_S5.jpg
2021,bg_S1.jpg
2022,bg_S2.jpg
2023,bg_S3.jpg
2024,bg_S4.jpg
2025,bg_S5.jpg
2026,bg_S1.jpg
2027,bg_S2.jpg
2028,bg_S3.jpg
2029,bg_S4.jpg
2030,bg_S5.jpg
2031,bg_S1.jpg
2032,bg_S2.jpg
2033,bg_S3.jpg
2034,bg_S4.jpg
2035,bg_S5.jpg
2036,bg_S1.jpg
2037,bg_S2.jpg
2038,bg_S3.jpg
2039,bg_S4.jpg
2040,bg_S5.jpg
2041,bg_S1.jpg
2042,bg_S2.jpg
2043,bg_S3.jpg
2044,bg_S4.jpg
2045,bg_S5.jpg
2046,bg_S1.jpg
2047,bg_S2.jpg
2048,bg_S3.jpg
2049,bg_S4.jpg
2050,bg_S5.jpg
2051,bg_S1.jpg
2052,bg_S2.jpg
2053,bg_S3.jpg
2054,bg_S4.jpg
2055,bg_S5.jpg
2056,bg_S1.jpg
2057,bg_S2.jpg
2058,bg_S3.jpg
2059,bg_S4.jpg
2060,bg_S5.jpg
2061,bg_S1.jpg
2062,bg_S2.jpg
2063,bg_S3.jpg
2064,bg_S4.jpg
2065,bg_S5.jpg
2066,bg_S1.jpg
2067,bg_S2.jpg
2068,bg_S3.jpg
2069,bg_S4.jpg
2070,bg_S5.jpg
2071,bg_S1.jpg
2072,bg_S2.jpg
2073,bg_S3.jpg
2074,bg_S4.jpg
2075,bg_S5.jpg
2076,bg_S1.jpg
2077,bg_S2.jpg
2078,bg_S3.jpg
2079,bg_S4.jpg
2080,bg_S5.jpg
2081,bg_S1.jpg
2082,bg_S2.jpg
2083,bg_S3.jpg
2084,bg_S4.jpg
2085,bg_S5.jpg
2086,bg_S1.jpg
2087,bg_S2.jpg
2088,bg_S3.jpg
2089,bg_S4.jpg
2090,bg_S5.jpg
2091,bg_S1.jpg
2092,bg_S2.jpg
2093,bg_S3.jpg
2094,bg_S4.jpg
2095,bg_S5.jpg
2096,bg_S1.jpg
2097,bg_S2.jpg
2098,bg_S3.jpg
2099,bg_S4.jpg
2100,bg_S5.jpg
